{
  "prob": 0.9,
  "thr": 0.01,
  "atr_mult": 2.0,
  "n_trades": 63.0,
  "avg_net_return_pct": -0.0024303420808299303,
  "total_net_return_pct": -0.1531115510922856,
  "win_rate": 0.3492063492063492,
  "avg_net_return_ci_l": -0.004625195496028251,
  "avg_net_return_ci_u": -0.00041367882843364255,
  "hold": 12.0
}